15.9,6.8,38cef8
20.5,6.8,39cbfb
25.0,6.8,39c8ff
29.5,6.8,37bef9
34.1,6.8,34b7f8
11.4,11.4,37caf5
15.9,11.4,3ddaff
20.5,11.4,37c1f5
25.0,11.4,36bcf6
29.5,11.4,35b7f6
34.1,11.4,38bcff
38.6,11.4,35b1fc
43.2,11.4,31a7f7
11.4,15.9,3ddaff
15.9,15.9,37c3f5
20.5,15.9,37c0f7
25.0,15.9,35baf7
29.5,15.9,35b4f6
34.1,15.9,33aef5
38.6,15.9,33a8f5
43.2,15.9,36aeff
47.7,15.9,31a0f8
11.4,20.5,3cd7ff
15.9,20.5,37c2f6
20.5,20.5,36bcf7
25.0,20.5,35b7f7
29.5,20.5,35b1f6
34.1,20.5,33abf7
38.6,20.5,33a5f6
43.2,20.5,319ef4
47.7,20.5,329df9
52.3,20.5,34a0ff
56.8,20.5,2f92f7
11.4,25.0,3cd4ff
15.9,25.0,36bef6
20.5,25.0,36b9f7
25.0,25.0,35b4f6
29.5,25.0,34aef6
34.1,25.0,33a8f6
38.6,25.0,33a3f6
43.2,25.0,319df6
47.7,25.0,3197f5
52.3,25.0,2f92f5
56.8,25.0,3092fd
61.4,25.0,328fff
65.9,25.0,2e83f5
11.4,29.5,3cd1ff
15.9,29.5,35bbf6
20.5,29.5,35b6f7
25.0,29.5,35b0f6
29.5,29.5,33abf6
34.1,29.5,33a5f6
38.6,29.5,32a0f6
43.2,29.5,319af6
47.7,29.5,3095f6
52.3,29.5,2f8ff6
56.8,29.5,2f8af4
61.4,29.5,2f84f3
65.9,29.5,3287fe
70.5,29.5,327df5
11.4,34.1,3bceff
15.9,34.1,34b7f6
20.5,34.1,35b3f6
25.0,34.1,34adf6
29.5,34.1,33a8f6
34.1,34.1,33a2f6
38.6,34.1,319df6
43.2,34.1,3197f6
47.7,34.1,3092f6
52.3,34.1,2f8cf5
56.8,34.1,3087f4
61.4,34.1,2f82f2
65.9,34.1,3480f6
70.5,34.1,3782ff
75.0,34.1,3481ff
79.5,34.1,2d71f7
11.4,38.6,3acbff
15.9,38.6,34b4f6
20.5,38.6,35b0f6
25.0,38.6,33aaf6
29.5,38.6,33a5f6
34.1,38.6,329ff7
38.6,38.6,319af6
43.2,38.6,3094f6
47.7,38.6,2f8ff6
52.3,38.6,2f89f4
56.8,38.6,2f84f3
61.4,38.6,3689ff
65.9,38.6,297cf9
84.1,38.6,3c66e5
11.4,43.2,3ac7ff
15.9,43.2,34b1f5
20.5,43.2,34adf6
25.0,43.2,33a7f6
29.5,43.2,32a2f6
34.1,43.2,319cf6
38.6,43.2,3197f6
43.2,43.2,2f91f6
47.7,43.2,2f8cf5
52.3,43.2,2f87f5
56.8,43.2,358aff
75.0,43.2,ff5922
79.5,43.2,ff5220
84.1,43.2,ff4c1b
88.6,43.2,e64a3b
11.4,47.7,3ac4ff
15.9,47.7,34aef5
20.5,47.7,33aaf7
25.0,47.7,33a4f6
29.5,47.7,329ff7
34.1,47.7,3199f6
38.6,47.7,3094f6
43.2,47.7,2f8ef6
47.7,47.7,2f89f5
52.3,47.7,368dff
65.9,47.7,fd6a2f
70.5,47.7,ff6b37
75.0,47.7,fb6033
79.5,47.7,f85a33
84.1,47.7,f75533
88.6,47.7,ff5633
11.4,52.3,39c0ff
15.9,52.3,33abf5
20.5,52.3,33a7f6
25.0,52.3,32a1f7
29.5,52.3,319cf6
34.1,52.3,3096f6
38.6,52.3,2f91f6
43.2,52.3,2e8af3
47.7,52.3,3590ff
52.3,52.3,2680f8
61.4,52.3,f87131
65.9,52.3,ff6f32
70.5,52.3,f6632e
75.0,52.3,f6602f
79.5,52.3,f55a2f
84.1,52.3,f3552f
88.6,52.3,ff5532
11.4,56.8,38bdff
15.9,56.8,32a8f5
20.5,56.8,33a4f6
25.0,56.8,319ef6
29.5,56.8,3199f6
34.1,56.8,3093f6
38.6,56.8,2e8df4
43.2,56.8,318dfa
47.7,56.8,3184f4
56.8,56.8,fd7428
61.4,56.8,ff7b33
65.9,56.8,f86b2d
70.5,56.8,f9682f
75.0,56.8,f7632f
79.5,56.8,f55d2f
84.1,56.8,f6582f
88.6,56.8,fe5631
11.4,61.4,39bfff
15.9,61.4,33a5f5
20.5,61.4,32a0f5
25.0,61.4,319bf6
29.5,61.4,3096f6
34.1,61.4,2f8ff5
38.6,61.4,2e8cf7
43.2,61.4,368fff
56.8,61.4,ff8334
61.4,61.4,fb742d
65.9,61.4,fa6f2e
70.5,61.4,f96a2f
75.0,61.4,f7642e
79.5,61.4,f96230
84.1,61.4,ff6434
11.4,65.9,33a6f1
15.9,65.9,37b1ff
20.5,65.9,33a2fd
25.0,65.9,3198f5
29.5,65.9,3092f6
34.1,65.9,3193ff
38.6,65.9,3692ff
52.3,65.9,f98230
56.8,65.9,ff822f
61.4,65.9,fa772e
65.9,65.9,f9722d
70.5,65.9,f96d2f
75.0,65.9,ff7032
79.5,65.9,f9642f
20.5,70.5,349ff5
25.0,70.5,3499fa
29.5,70.5,3393f8
34.1,70.5,338df5
47.7,70.5,f88a2f
52.3,70.5,ff8d31
56.8,70.5,fb7e2d
61.4,70.5,fb792e
65.9,70.5,ff7c31
70.5,70.5,fb712f
75.0,70.5,f86a2d
43.2,75.0,f89333
47.7,75.0,ff9632
52.3,75.0,ff862d
56.8,75.0,ff8730
61.4,75.0,ff8531
65.9,75.0,fa7a2d
11.4,79.5,ffcc45
15.9,79.5,f9b440
34.1,79.5,fda033
38.6,79.5,fa9b36
43.2,79.5,ff9b34
47.7,79.5,ff9030
52.3,79.5,ff9532
56.8,79.5,fc872e
11.4,84.1,ffcc45
15.9,84.1,ffbd41
20.5,84.1,ffbf41
25.0,84.1,ffb740
29.5,84.1,ffb33e
34.1,84.1,ffac3a
38.6,84.1,ff9f36
43.2,84.1,ffa137
47.7,84.1,fd9531
11.4,88.6,fbbd3f
15.9,88.6,ffca45
20.5,88.6,fdb43d
25.0,88.6,ffb03b
29.5,88.6,ffaa39
34.1,88.6,ffad3a
38.6,88.6,ffa537
43.2,88.6,fa9c32
15.9,93.2,fcc140
20.5,93.2,ffbd40
25.0,93.2,ffba3f
29.5,93.2,feb13c
34.1,93.2,fcaa38
