18.3,5.0,38cbf7
21.7,5.0,38c7f8
25.0,5.0,37c2f6
28.3,5.0,36c0f8
31.7,5.0,35b9f7
15.0,8.3,3ad4fe
18.3,8.3,3cd4ff
21.7,8.3,38c6fb
25.0,8.3,38c1f9
28.3,8.3,37befc
31.7,8.3,39c3ff
35.0,8.3,36b6f9
38.3,8.3,31aef5
11.7,11.7,3ad1f9
15.0,11.7,39ccf9
18.3,11.7,37c4f5
21.7,11.7,37c0f6
25.0,11.7,36bdf6
28.3,11.7,35b8f6
31.7,11.7,34b4f5
35.0,11.7,34b0f6
38.3,11.7,37b8ff
41.7,11.7,32aaf8
8.3,15.0,37caf2
11.7,15.0,3dd9ff
15.0,15.0,37c6f5
18.3,15.0,38c3f7
21.7,15.0,37bff7
25.0,15.0,36baf7
28.3,15.0,35b6f7
31.7,15.0,35b2f6
35.0,15.0,34aef6
38.3,15.0,32a7f4
41.7,15.0,34a8fa
45.0,15.0,36adff
48.3,15.0,319ef7
8.3,18.3,38caf5
11.7,18.3,3acfff
15.0,18.3,37c4f6
18.3,18.3,37c0f7
21.7,18.3,36bcf7
25.0,18.3,35b8f7
28.3,18.3,35b4f6
31.7,18.3,35b0f6
35.0,18.3,34acf6
38.3,18.3,33a7f6
41.7,18.3,33a3f5
45.0,18.3,319ff6
48.3,18.3,33a2ff
51.7,18.3,339fff
55.0,18.3,2e93f6
8.3,21.7,36c9f5
11.7,21.7,39cbfd
15.0,21.7,37c1f5
18.3,21.7,37bff7
21.7,21.7,36baf7
25.0,21.7,35b6f7
28.3,21.7,35b1f6
31.7,21.7,34aef6
35.0,21.7,33a9f6
38.3,21.7,33a5f6
41.7,21.7,32a1f6
45.0,21.7,319df6
48.3,21.7,3099f5
51.7,21.7,3094f4
55.0,21.7,329aff
58.3,21.7,2e8ff7
8.3,25.0,36c5f5
11.7,25.0,39c9fd
15.0,25.0,37bff5
18.3,25.0,36bcf7
21.7,25.0,35b8f7
25.0,25.0,35b4f6
28.3,25.0,34aff6
31.7,25.0,33acf6
35.0,25.0,33a7f6
38.3,25.0,33a3f6
41.7,25.0,329ff6
45.0,25.0,319bf6
48.3,25.0,3097f6
51.7,25.0,3093f6
55.0,25.0,2e8ef5
58.3,25.0,2f8bf6
61.7,25.0,3391ff
65.0,25.0,2f85f7
8.3,28.3,36c4f5
11.7,28.3,39c7fd
15.0,28.3,37bdf5
18.3,28.3,35b9f7
21.7,28.3,35b6f7
25.0,28.3,35b1f6
28.3,28.3,34aef6
31.7,28.3,33a9f6
35.0,28.3,33a5f6
38.3,28.3,32a1f6
41.7,28.3,319df7
45.0,28.3,3199f6
48.3,28.3,3095f6
51.7,28.3,2f91f6
55.0,28.3,2e8df5
58.3,28.3,2f88f4
61.7,28.3,2f85f3
65.0,28.3,3184f8
68.3,28.3,3487ff
71.7,28.3,307bf3
8.3,31.7,35c2f5
11.7,31.7,39c5fd
15.0,31.7,36bbf5
18.3,31.7,35b7f7
21.7,31.7,35b3f6
25.0,31.7,34aff6
28.3,31.7,33abf6
31.7,31.7,33a6f6
35.0,31.7,33a3f6
38.3,31.7,319ff6
41.7,31.7,319bf6
45.0,31.7,3097f6
48.3,31.7,3093f7
51.7,31.7,2f8ff6
55.0,31.7,2f8bf5
58.3,31.7,3087f4
61.7,31.7,3084f4
65.0,31.7,307ff1
68.3,31.7,317bf0
71.7,31.7,327cf7
75.0,31.7,3378f6
78.3,31.7,3170f0
8.3,35.0,35c0f5
11.7,35.0,38c3fd
15.0,35.0,35b8f5
18.3,35.0,35b5f6
21.7,35.0,35b1f6
25.0,35.0,34adf7
28.3,35.0,33a8f6
31.7,35.0,33a5f6
35.0,35.0,32a1f6
38.3,35.0,319df6
41.7,35.0,3199f6
45.0,35.0,3194f6
48.3,35.0,2f90f6
51.7,35.0,2e8df5
55.0,35.0,2f88f4
58.3,35.0,3085f4
61.7,35.0,2f81f2
65.0,35.0,317df1
68.3,35.0,3480fc
71.7,35.0,387eff
75.0,35.0,377afc
78.3,35.0,397dff
81.7,35.0,3772fc
8.3,38.3,35bef5
11.7,38.3,37c0fd
15.0,38.3,35b6f5
18.3,38.3,35b3f6
21.7,38.3,34aef6
25.0,38.3,33aaf6
28.3,38.3,33a6f6
31.7,38.3,33a2f6
35.0,38.3,329ef7
38.3,38.3,319af6
41.7,38.3,3096f6
45.0,38.3,3092f6
48.3,38.3,2f8ef6
51.7,38.3,2f8af5
55.0,38.3,3087f4
58.3,38.3,2f82f2
61.7,38.3,3284fa
65.0,38.3,3582fc
68.3,38.3,2c77f4
85.0,38.3,1f6bff
8.3,41.7,35bbf5
11.7,41.7,37bdfd
15.0,41.7,35b4f5
18.3,41.7,35b0f6
21.7,41.7,34adf6
25.0,41.7,33a8f6
28.3,41.7,33a4f6
31.7,41.7,32a0f7
35.0,41.7,319cf6
38.3,41.7,3198f6
41.7,41.7,3094f6
45.0,41.7,2f90f6
48.3,41.7,2f8cf5
51.7,41.7,3088f4
55.0,41.7,2f84f2
58.3,41.7,3388ff
61.7,41.7,337ef1
75.0,41.7,ff571a
78.3,41.7,ff521f
81.7,41.7,ff4d1a
8.3,45.0,34b8f5
11.7,45.0,37bbfd
15.0,45.0,35b1f5
18.3,45.0,34aef6
21.7,45.0,33aaf7
25.0,45.0,33a6f6
28.3,45.0,33a2f6
31.7,45.0,319ef6
35.0,45.0,319af6
38.3,45.0,3096f6
41.7,45.0,3092f6
45.0,45.0,2e8ef6
48.3,45.0,2f8af5
51.7,45.0,2f85f2
55.0,45.0,338bff
58.3,45.0,327ef0
68.3,45.0,f86430
71.7,45.0,ff6836
75.0,45.0,ff6235
78.3,45.0,ff5d34
81.7,45.0,ff5935
85.0,45.0,ff5534
88.3,45.0,ff4d29
91.7,45.0,f24528
8.3,48.3,34b6f5
11.7,48.3,37b9fc
15.0,48.3,34aff5
18.3,48.3,34acf7
21.7,48.3,33a8f6
25.0,48.3,33a4f6
28.3,48.3,32a0f7
31.7,48.3,319cf6
35.0,48.3,3198f6
38.3,48.3,3094f7
41.7,48.3,2f90f6
45.0,48.3,2f8cf6
48.3,48.3,2f87f3
51.7,48.3,328bff
55.0,48.3,307fee
65.0,48.3,fd6e34
68.3,48.3,fe6831
71.7,48.3,f5602e
75.0,48.3,f55d2e
78.3,48.3,f4582f
81.7,48.3,f4562e
85.0,48.3,f2502d
88.3,48.3,f95032
91.7,48.3,f0492e
8.3,51.7,34b5f5
11.7,51.7,36b7fc
15.0,51.7,34adf5
18.3,51.7,33aaf6
21.7,51.7,33a6f6
25.0,51.7,33a1f7
28.3,51.7,319df7
31.7,51.7,319af6
35.0,51.7,3096f6
38.3,51.7,3091f6
41.7,51.7,2f8ef5
45.0,51.7,2f89f4
48.3,51.7,318af9
51.7,51.7,3183f1
61.7,51.7,fa7232
65.0,51.7,fb6c2f
68.3,51.7,f7662f
71.7,51.7,f7632f
75.0,51.7,f7602f
78.3,51.7,f65c2f
81.7,51.7,f5582f
85.0,51.7,f2532e
88.3,51.7,fa5130
91.7,51.7,f04a2e
8.3,55.0,33b2f5
11.7,55.0,36b4fc
15.0,55.0,33abf5
18.3,55.0,33a7f6
21.7,55.0,33a4f7
25.0,55.0,32a0f6
28.3,55.0,319cf6
31.7,55.0,3197f6
35.0,55.0,3093f7
38.3,55.0,2f8ff6
41.7,55.0,2f8cf5
45.0,55.0,2f88f4
48.3,55.0,338cff
58.3,55.0,f47330
61.7,55.0,fe7530
65.0,55.0,f86c2e
68.3,55.0,f9692f
71.7,55.0,f7652f
75.0,55.0,f7622f
78.3,55.0,f65e2f
81.7,55.0,f55a2f
85.0,55.0,f4562e
88.3,55.0,ff5631
91.7,55.0,f04b2c
8.3,58.3,34b0f5
11.7,58.3,35b1fb
15.0,58.3,33a8f5
18.3,58.3,33a5f6
21.7,58.3,32a1f6
25.0,58.3,319df6
28.3,58.3,3199f6
31.7,58.3,3095f6
35.0,58.3,3091f6
38.3,58.3,2e8ef6
41.7,58.3,2e89f3
45.0,58.3,338fff
48.3,58.3,307de8
58.3,58.3,ff8132
61.7,58.3,f9712d
65.0,58.3,fa6f2f
68.3,58.3,f96b2f
71.7,58.3,f8672f
75.0,58.3,f7632f
78.3,58.3,f7602f
81.7,58.3,f55b2f
85.0,58.3,f5582f
88.3,58.3,ff5a32
8.3,61.7,33acf3
11.7,61.7,36b5ff
15.0,61.7,31a5f4
18.3,61.7,33a3f7
21.7,61.7,329ff7
25.0,61.7,319bf6
28.3,61.7,3097f6
31.7,61.7,3093f7
35.0,61.7,2f8ff6
38.3,61.7,2e8bf4
41.7,61.7,328cfc
45.0,61.7,3083f1
55.0,61.7,fa7e2f
58.3,61.7,fc7a2f
61.7,61.7,fa742e
65.0,61.7,fa712e
68.3,61.7,fa6d2f
71.7,61.7,f9692e
75.0,61.7,f7652f
78.3,61.7,f5612e
81.7,61.7,f75f2f
85.0,61.7,ff6334
88.3,61.7,ee512b
11.7,65.0,32abf8
15.0,65.0,36aeff
18.3,65.0,31a1f5
21.7,65.0,319df5
25.0,65.0,3198f5
28.3,65.0,3094f6
31.7,65.0,2f91f5
35.0,65.0,2e8cf4
38.3,65.0,328ffe
41.7,65.0,3087f7
51.7,65.0,f57e2d
55.0,65.0,ff8631
58.3,65.0,fb7a2d
61.7,65.0,fc772e
65.0,65.0,fa732e
68.3,65.0,fa6f2f
71.7,65.0,f86a2e
75.0,65.0,f7672f
78.3,65.0,ff6a32
81.7,65.0,f9622f
15.0,68.3,31a5f7
18.3,68.3,35abff
21.7,68.3,33a1ff
25.0,68.3,3198f9
28.3,68.3,3094f9
31.7,68.3,3093fd
35.0,68.3,3396ff
38.3,68.3,3089f6
51.7,68.3,ff8d31
55.0,68.3,fc802e
58.3,68.3,fc7d2e
61.7,68.3,fc792e
65.0,68.3,f9742e
68.3,68.3,f8702d
71.7,68.3,ff7231
75.0,68.3,ff6e30
78.3,68.3,f7652d
21.7,71.7,319af6
25.0,71.7,3095f6
28.3,71.7,2f91f6
31.7,71.7,308ef5
48.3,71.7,ff9130
51.7,71.7,ff882e
55.0,71.7,fd822e
58.3,71.7,fc7f2e
61.7,71.7,fb7a2d
65.0,71.7,ff7a2f
68.3,71.7,ff7b31
71.7,71.7,fa6f2e
45.0,75.0,ff9732
48.3,75.0,ff8e2f
51.7,75.0,ff882e
55.0,75.0,fd842d
58.3,75.0,fd812e
61.7,75.0,ff8631
65.0,75.0,fb7b2e
8.3,78.3,fdbb3e
11.7,78.3,fdbe40
38.3,78.3,fa9a34
41.7,78.3,ffa036
45.0,78.3,ff9331
48.3,78.3,fd8e2f
51.7,78.3,ff8a2e
55.0,78.3,ff8f31
58.3,78.3,fc852e
8.3,81.7,fcbd3f
11.7,81.7,ffc543
15.0,81.7,ffc342
18.3,81.7,ffb53d
21.7,81.7,fcae3b
25.0,81.7,fbaa3a
28.3,81.7,fba638
31.7,81.7,fba336
35.0,81.7,ffaa39
38.3,81.7,ffa337
41.7,81.7,ff9833
45.0,81.7,ff9431
48.3,81.7,ff9732
51.7,81.7,ff9431
55.0,81.7,fa8a2c
8.3,85.0,fabc3e
11.7,85.0,ffca45
15.0,85.0,ffb83e
18.3,85.0,ffb63e
21.7,85.0,ffb63e
25.0,85.0,ffb53d
28.3,85.0,ffb03b
31.7,85.0,ffa839
35.0,85.0,ffa236
38.3,85.0,fd9d35
41.7,85.0,ff9d35
45.0,85.0,ffa236
48.3,85.0,fb9431
11.7,88.3,fcc342
15.0,88.3,ffbe41
18.3,88.3,fdb63d
21.7,88.3,fdb33c
25.0,88.3,ffb03b
28.3,88.3,ffac39
31.7,88.3,ffa737
35.0,88.3,ffa537
38.3,88.3,ffac3a
41.7,88.3,fc9f34
15.0,91.7,ffc643
18.3,91.7,ffc644
21.7,91.7,ffb93f
25.0,91.7,ffb33c
28.3,91.7,ffb23c
31.7,91.7,ffb63d
35.0,91.7,feaa39
38.3,91.7,faa334
18.3,95.0,fabe3f
21.7,95.0,fcba3e
25.0,95.0,fcb43c
28.3,95.0,fcb23c
31.7,95.0,faad39
