17.0,5.0,33c7f3
19.0,5.0,37c9f7
21.0,5.0,3bd2ff
23.0,5.0,3cd3ff
25.0,5.0,3bd0ff
27.0,5.0,3bceff
29.0,5.0,39c6ff
31.0,5.0,34baf7
15.0,7.0,37cff8
17.0,7.0,3cd8ff
19.0,7.0,39cafa
21.0,7.0,37c4f6
23.0,7.0,36c2f5
25.0,7.0,37c0f6
27.0,7.0,36bdf6
29.0,7.0,35baf5
31.0,7.0,37bcfb
33.0,7.0,3ac4ff
35.0,7.0,34b4f7
13.0,9.0,3bd4fc
15.0,9.0,3ad0fc
17.0,9.0,37c7f5
19.0,9.0,38c5f6
21.0,9.0,37c3f7
23.0,9.0,37c1f7
25.0,9.0,37bff7
27.0,9.0,36bcf7
29.0,9.0,35b9f6
31.0,9.0,35b6f6
33.0,9.0,34b3f5
35.0,9.0,37b6fc
37.0,9.0,37bbff
39.0,9.0,31adf6
11.0,11.0,38cff7
13.0,11.0,3bd0fb
15.0,11.0,37c8f5
17.0,11.0,38c7f7
19.0,11.0,38c5f7
21.0,11.0,37c2f7
23.0,11.0,37c0f7
25.0,11.0,37bef7
27.0,11.0,35baf7
29.0,11.0,35b8f7
31.0,11.0,36b6f7
33.0,11.0,35b3f6
35.0,11.0,34aff4
37.0,11.0,33adf5
39.0,11.0,36b4ff
41.0,11.0,34aefd
43.0,11.0,30a4f2
9.0,13.0,33c8ee
11.0,13.0,3edcff
13.0,13.0,37c9f5
15.0,13.0,38c8f7
17.0,13.0,38c6f7
19.0,13.0,37c3f6
21.0,13.0,37c0f7
23.0,13.0,37bff7
25.0,13.0,36bcf7
27.0,13.0,35b9f7
29.0,13.0,36b7f7
31.0,13.0,35b5f6
33.0,13.0,35b1f6
35.0,13.0,34aff6
37.0,13.0,34adf7
39.0,13.0,32a9f5
41.0,13.0,33a7f6
43.0,13.0,36b0ff
45.0,13.0,31a4f7
9.0,15.0,38cdf6
11.0,15.0,39cdf9
13.0,15.0,38c8f6
15.0,15.0,38c7f7
17.0,15.0,38c5f7
19.0,15.0,37c2f7
21.0,15.0,37bff7
23.0,15.0,37bdf7
25.0,15.0,35baf6
27.0,15.0,35b8f7
29.0,15.0,36b6f7
31.0,15.0,35b3f6
33.0,15.0,35b0f6
35.0,15.0,34aef6
37.0,15.0,33acf7
39.0,15.0,33a8f6
41.0,15.0,33a6f6
43.0,15.0,32a3f5
45.0,15.0,34a3f8
47.0,15.0,35abff
49.0,15.0,309df6
9.0,17.0,3ddaff
11.0,17.0,38c9f5
13.0,17.0,38c7f7
15.0,17.0,38c6f7
17.0,17.0,37c3f7
19.0,17.0,37c0f7
21.0,17.0,37bef7
23.0,17.0,36bcf6
25.0,17.0,35b9f6
27.0,17.0,35b7f7
29.0,17.0,35b4f7
31.0,17.0,35b1f6
33.0,17.0,34aff6
35.0,17.0,34adf7
37.0,17.0,33aaf6
39.0,17.0,33a7f6
41.0,17.0,33a5f6
43.0,17.0,33a2f7
45.0,17.0,329ff5
47.0,17.0,309df6
49.0,17.0,33a0fd
51.0,17.0,34a3ff
53.0,17.0,2e95f4
9.0,19.0,3ddafe
11.0,19.0,37c9f6
13.0,19.0,38c6f7
15.0,19.0,38c4f7
17.0,19.0,37c1f7
19.0,19.0,37bff7
21.0,19.0,37bdf7
23.0,19.0,35baf6
25.0,19.0,35b8f7
27.0,19.0,35b5f7
29.0,19.0,35b2f6
31.0,19.0,34b0f6
33.0,19.0,34aef6
35.0,19.0,34abf7
37.0,19.0,33a8f6
39.0,19.0,33a6f6
41.0,19.0,33a4f6
43.0,19.0,33a1f7
45.0,19.0,329ff7
47.0,19.0,319df7
49.0,19.0,319af5
51.0,19.0,3097f4
53.0,19.0,339dff
55.0,19.0,3096fa
57.0,19.0,2a8cf2
7.0,21.0,35c5f1
9.0,21.0,3cd8ff
11.0,21.0,37c7f6
13.0,21.0,38c6f7
15.0,21.0,37c3f7
17.0,21.0,37c0f7
19.0,21.0,37bef7
21.0,21.0,36bbf7
23.0,21.0,35b9f6
25.0,21.0,36b7f7
27.0,21.0,35b4f6
29.0,21.0,35b1f6
31.0,21.0,34aff6
33.0,21.0,34adf7
35.0,21.0,33aaf6
37.0,21.0,33a7f6
39.0,21.0,32a5f6
41.0,21.0,33a3f7
43.0,21.0,32a0f6
45.0,21.0,319ef6
47.0,21.0,319bf6
49.0,21.0,3199f6
51.0,21.0,3096f6
53.0,21.0,2f93f5
55.0,21.0,3091f6
57.0,21.0,3299ff
59.0,21.0,2d8ef7
7.0,23.0,34c4f1
9.0,23.0,3cd7ff
11.0,23.0,37c6f6
13.0,23.0,37c4f7
15.0,23.0,37c1f7
17.0,23.0,37bff7
19.0,23.0,37bdf7
21.0,23.0,35b9f7
23.0,23.0,36b8f7
25.0,23.0,35b5f7
27.0,23.0,35b2f6
29.0,23.0,35b0f6
31.0,23.0,34aef7
33.0,23.0,33abf7
35.0,23.0,33a8f6
37.0,23.0,33a6f6
39.0,23.0,32a4f6
41.0,23.0,33a1f6
43.0,23.0,329ff6
45.0,23.0,319cf6
47.0,23.0,319af6
49.0,23.0,3098f5
51.0,23.0,3095f6
53.0,23.0,3093f6
55.0,23.0,2f90f6
57.0,23.0,2d8df3
59.0,23.0,308ef9
61.0,23.0,3293ff
63.0,23.0,2d85f4
7.0,25.0,33c3f0
9.0,25.0,3cd6ff
11.0,25.0,37c5f6
13.0,25.0,37c2f7
15.0,25.0,37c0f7
17.0,25.0,37bef7
19.0,25.0,36bbf7
21.0,25.0,35b8f7
23.0,25.0,36b6f7
25.0,25.0,35b4f6
27.0,25.0,35b1f6
29.0,25.0,34aef6
31.0,25.0,34adf7
33.0,25.0,33a9f6
35.0,25.0,33a7f6
37.0,25.0,33a5f7
39.0,25.0,33a2f7
41.0,25.0,32a0f6
43.0,25.0,319ef7
45.0,25.0,319bf6
47.0,25.0,3199f6
49.0,25.0,3096f6
51.0,25.0,3094f6
53.0,25.0,3091f7
55.0,25.0,2f8ff5
57.0,25.0,2f8df6
59.0,25.0,2f8af4
61.0,25.0,2f87f3
63.0,25.0,328afc
65.0,25.0,328bff
67.0,25.0,2d7ff2
7.0,27.0,33c1f0
9.0,27.0,3cd4ff
11.0,27.0,36c4f6
13.0,27.0,37c1f7
15.0,27.0,37bff7
17.0,27.0,37bdf7
19.0,27.0,35b9f7
21.0,27.0,35b7f7
23.0,27.0,35b5f7
25.0,27.0,35b2f6
27.0,27.0,34aff6
29.0,27.0,34adf7
31.0,27.0,33abf6
33.0,27.0,33a8f6
35.0,27.0,33a6f6
37.0,27.0,33a3f6
39.0,27.0,32a1f7
41.0,27.0,319ff7
43.0,27.0,319cf6
45.0,27.0,319af6
47.0,27.0,3098f6
49.0,27.0,3095f6
51.0,27.0,3092f6
53.0,27.0,2f90f6
55.0,27.0,2e8ef5
57.0,27.0,2f8cf6
59.0,27.0,2f89f4
61.0,27.0,3086f4
63.0,27.0,2f84f3
65.0,27.0,2f82f2
67.0,27.0,3388ff
69.0,27.0,3080f5
71.0,27.0,2d78ef
7.0,29.0,34c0ef
9.0,29.0,3cd3ff
11.0,29.0,36c2f6
13.0,29.0,38c0f7
15.0,29.0,37bef7
17.0,29.0,36bbf7
19.0,29.0,35b8f7
21.0,29.0,35b6f7
23.0,29.0,35b3f6
25.0,29.0,35b1f6
27.0,29.0,34aff6
29.0,29.0,34acf7
31.0,29.0,33a9f6
33.0,29.0,33a7f6
35.0,29.0,32a5f6
37.0,29.0,33a2f6
39.0,29.0,32a0f6
41.0,29.0,319df7
43.0,29.0,319bf6
45.0,29.0,3199f6
47.0,29.0,3096f6
49.0,29.0,3094f6
51.0,29.0,3091f7
53.0,29.0,2f8ff6
55.0,29.0,2f8df6
57.0,29.0,2f8af5
59.0,29.0,3087f4
61.0,29.0,3086f4
63.0,29.0,2f84f3
65.0,29.0,3081f3
67.0,29.0,307ff2
69.0,29.0,317ef2
71.0,29.0,3484ff
73.0,29.0,2f79f3
7.0,31.0,34bff1
9.0,31.0,3bd1ff
11.0,31.0,36c1f6
13.0,31.0,37bff7
15.0,31.0,36bcf7
17.0,31.0,35b9f6
19.0,31.0,36b7f7
21.0,31.0,35b5f6
23.0,31.0,35b2f6
25.0,31.0,34aff6
27.0,31.0,34adf7
29.0,31.0,33aaf6
31.0,31.0,33a7f6
33.0,31.0,33a6f6
35.0,31.0,33a3f6
37.0,31.0,32a1f6
39.0,31.0,319ff6
41.0,31.0,319cf6
43.0,31.0,319af6
45.0,31.0,3097f6
47.0,31.0,3095f6
49.0,31.0,3092f7
51.0,31.0,2f90f6
53.0,31.0,2e8ef5
55.0,31.0,2f8bf6
57.0,31.0,3088f4
59.0,31.0,3087f4
61.0,31.0,2f85f4
63.0,31.0,3082f3
65.0,31.0,3080f3
67.0,31.0,317ef2
69.0,31.0,317cf1
71.0,31.0,3079f0
73.0,31.0,3279f5
75.0,31.0,357eff
77.0,31.0,2f72f0
7.0,33.0,34bff1
9.0,33.0,3bd0ff
11.0,33.0,37bef6
13.0,33.0,37bef7
15.0,33.0,35bbf7
17.0,33.0,35b8f6
19.0,33.0,35b6f6
21.0,33.0,35b3f6
23.0,33.0,35b0f6
25.0,33.0,34aef6
27.0,33.0,34acf7
29.0,33.0,33a8f6
31.0,33.0,33a6f6
33.0,33.0,32a4f6
35.0,33.0,33a2f6
37.0,33.0,31a0f6
39.0,33.0,319df6
41.0,33.0,319af6
43.0,33.0,3198f5
45.0,33.0,3096f6
47.0,33.0,3094f6
49.0,33.0,3091f7
51.0,33.0,2e8ff5
53.0,33.0,2f8cf6
55.0,33.0,2f89f5
57.0,33.0,3087f4
59.0,33.0,3085f4
61.0,33.0,3083f3
63.0,33.0,3081f3
65.0,33.0,317ff3
67.0,33.0,317ef2
69.0,33.0,317bf1
71.0,33.0,3178f1
73.0,33.0,3075ef
75.0,33.0,3074ee
77.0,33.0,3476f6
79.0,33.0,3474f7
81.0,33.0,2f6aec
7.0,35.0,32bdf1
9.0,35.0,3bceff
11.0,35.0,36bef6
13.0,35.0,36bcf7
15.0,35.0,35b8f7
17.0,35.0,36b7f7
19.0,35.0,35b5f6
21.0,35.0,35b1f6
23.0,35.0,34aff6
25.0,35.0,34adf7
27.0,35.0,33aaf6
29.0,35.0,33a7f6
31.0,35.0,33a5f6
33.0,35.0,33a3f6
35.0,35.0,32a0f6
37.0,35.0,319ef6
39.0,35.0,319cf6
41.0,35.0,3199f6
43.0,35.0,3097f6
45.0,35.0,3194f6
47.0,35.0,3092f7
49.0,35.0,2f8ff6
51.0,35.0,2e8df5
53.0,35.0,2f8bf6
55.0,35.0,2f88f4
57.0,35.0,3086f4
59.0,35.0,3084f4
61.0,35.0,3082f3
63.0,35.0,3080f3
65.0,35.0,317ef2
67.0,35.0,307bf0
69.0,35.0,3079f0
71.0,35.0,3176ef
73.0,35.0,3277f3
75.0,35.0,3477f7
77.0,35.0,3475f6
79.0,35.0,3472f4
81.0,35.0,3775ff
83.0,35.0,326bf0
7.0,37.0,33baf0
9.0,37.0,3bcdff
11.0,37.0,36bcf6
13.0,37.0,35baf7
15.0,37.0,35b8f7
17.0,37.0,35b6f7
19.0,37.0,35b3f6
21.0,37.0,35b0f6
23.0,37.0,34aef6
25.0,37.0,34acf7
27.0,37.0,33a9f6
29.0,37.0,33a6f6
31.0,37.0,33a4f6
33.0,37.0,33a2f6
35.0,37.0,32a0f6
37.0,37.0,319df6
39.0,37.0,319bf6
41.0,37.0,3199f6
43.0,37.0,3095f6
45.0,37.0,3093f7
47.0,37.0,3090f7
49.0,37.0,2e8ef5
51.0,37.0,2e8cf6
53.0,37.0,2f89f5
55.0,37.0,3087f4
57.0,37.0,3085f5
59.0,37.0,3083f3
61.0,37.0,3081f3
63.0,37.0,307ff2
65.0,37.0,307cf0
67.0,37.0,327ef6
69.0,37.0,3580ff
71.0,37.0,347bfa
73.0,37.0,3272ea
75.0,37.0,336fe8
77.0,37.0,336de8
79.0,37.0,336be8
81.0,37.0,3368e6
83.0,37.0,386df4
85.0,37.0,3e79ff
87.0,37.0,3160e7
7.0,39.0,34baf1
9.0,39.0,3bccff
11.0,39.0,35bbf6
13.0,39.0,35b9f6
15.0,39.0,36b7f7
17.0,39.0,35b4f6
19.0,39.0,35b1f6
21.0,39.0,34aff6
23.0,39.0,34adf7
25.0,39.0,33aaf6
27.0,39.0,33a7f6
29.0,39.0,33a5f6
31.0,39.0,33a3f6
33.0,39.0,32a0f6
35.0,39.0,319ef7
37.0,39.0,319cf6
39.0,39.0,3199f6
41.0,39.0,3097f6
43.0,39.0,3094f6
45.0,39.0,3092f7
47.0,39.0,2f8ff6
49.0,39.0,2f8df6
51.0,39.0,2f8bf6
53.0,39.0,3088f4
55.0,39.0,3086f4
57.0,39.0,2f84f4
59.0,39.0,3082f3
61.0,39.0,2f7ef1
63.0,39.0,3280f5
65.0,39.0,3484ff
67.0,39.0,3078f0
69.0,39.0,3071e7
87.0,39.0,3067f6
89.0,39.0,305ade
7.0,41.0,32b9f0
9.0,41.0,3bcbff
11.0,41.0,35b9f6
13.0,41.0,36b8f7
15.0,41.0,35b5f7
17.0,41.0,35b2f6
19.0,41.0,34b0f6
21.0,41.0,34aef6
23.0,41.0,33acf7
25.0,41.0,33a8f6
27.0,41.0,33a6f6
29.0,41.0,33a4f6
31.0,41.0,33a1f6
33.0,41.0,319ff7
35.0,41.0,319df7
37.0,41.0,319af6
39.0,41.0,3098f6
41.0,41.0,3095f6
43.0,41.0,3093f6
45.0,41.0,2f90f6
47.0,41.0,2e8ef5
49.0,41.0,2f8cf6
51.0,41.0,2f89f4
53.0,41.0,3087f4
55.0,41.0,3085f5
57.0,41.0,3083f3
59.0,41.0,2f80f1
61.0,41.0,3386ff
63.0,41.0,307df4
77.0,41.0,f2552d
79.0,41.0,f2522c
81.0,41.0,f74e27
7.0,43.0,32b7f0
9.0,43.0,3ac9ff
11.0,43.0,34b8f5
13.0,43.0,36b7f7
15.0,43.0,35b4f6
17.0,43.0,35b1f6
19.0,43.0,34aff6
21.0,43.0,34adf7
23.0,43.0,33aaf6
25.0,43.0,33a7f6
27.0,43.0,33a5f6
29.0,43.0,33a3f7
31.0,43.0,32a0f7
33.0,43.0,319ef7
35.0,43.0,319bf6
37.0,43.0,3199f6
39.0,43.0,3096f6
41.0,43.0,3094f6
43.0,43.0,3092f7
45.0,43.0,2f8ff5
47.0,43.0,2e8df5
49.0,43.0,2f8af5
51.0,43.0,3088f4
53.0,43.0,3086f5
55.0,43.0,2f84f3
57.0,43.0,2f82f2
59.0,43.0,3488ff
61.0,43.0,2e7bf0
71.0,43.0,f45e30
73.0,43.0,ff6032
75.0,43.0,ff6033
77.0,43.0,ff5e32
79.0,43.0,ff5a32
81.0,43.0,ff5833
83.0,43.0,ff5734
85.0,43.0,ff5335
87.0,43.0,f54b2e
7.0,45.0,32b5f0
9.0,45.0,39c7ff
11.0,45.0,35b7f6
13.0,45.0,35b5f7
15.0,45.0,35b2f6
17.0,45.0,34b0f6
19.0,45.0,34aef7
21.0,45.0,33abf7
23.0,45.0,33a8f6
25.0,45.0,33a6f6
27.0,45.0,33a4f6
29.0,45.0,32a1f6
31.0,45.0,329ff6
33.0,45.0,319cf6
35.0,45.0,319af6
37.0,45.0,3198f6
39.0,45.0,3195f6
41.0,45.0,3093f6
43.0,45.0,2f90f6
45.0,45.0,2e8ef5
47.0,45.0,2f8cf6
49.0,45.0,2f89f4
51.0,45.0,3086f4
53.0,45.0,3085f4
55.0,45.0,2f83f2
57.0,45.0,338aff
59.0,45.0,2b7aee
67.0,45.0,f5632e
69.0,45.0,ff6932
71.0,45.0,fe6331
73.0,45.0,f55d2f
75.0,45.0,f55a2e
77.0,45.0,f4592e
79.0,45.0,f4572e
81.0,45.0,f3542e
83.0,45.0,f3512e
85.0,45.0,f34e2f
87.0,45.0,f74f31
89.0,45.0,ff5135
91.0,45.0,f7492e
7.0,47.0,32b4f0
9.0,47.0,39c6ff
11.0,47.0,35b5f6
13.0,47.0,35b4f6
15.0,47.0,35b1f6
17.0,47.0,34aff6
19.0,47.0,34acf7
21.0,47.0,33a9f6
23.0,47.0,33a7f6
25.0,47.0,33a5f6
27.0,47.0,33a2f6
29.0,47.0,32a0f7
31.0,47.0,319df7
33.0,47.0,319bf6
35.0,47.0,3199f6
37.0,47.0,3096f6
39.0,47.0,3194f6
41.0,47.0,3091f6
43.0,47.0,2f8ff5
45.0,47.0,2f8df6
47.0,47.0,2f8af5
49.0,47.0,3087f4
51.0,47.0,3086f5
53.0,47.0,2f84f3
55.0,47.0,348bff
57.0,47.0,2b79eb
65.0,47.0,f9682e
67.0,47.0,ff6b32
69.0,47.0,f5622e
71.0,47.0,f6602f
73.0,47.0,f65f2f
75.0,47.0,f65c2f
77.0,47.0,f65a2f
79.0,47.0,f5582f
81.0,47.0,f5562f
83.0,47.0,f3532f
85.0,47.0,f4502f
87.0,47.0,f14e2f
89.0,47.0,f24b2f
91.0,47.0,ff5033
7.0,49.0,30b4f0
9.0,49.0,39c4ff
11.0,49.0,35b4f6
13.0,49.0,35b2f6
15.0,49.0,34aff6
17.0,49.0,34adf7
19.0,49.0,33abf6
21.0,49.0,33a7f6
23.0,49.0,33a6f6
25.0,49.0,33a3f7
27.0,49.0,33a1f6
29.0,49.0,319ff7
31.0,49.0,319cf6
33.0,49.0,319af6
35.0,49.0,3097f6
37.0,49.0,3095f6
39.0,49.0,3093f7
41.0,49.0,2f90f6
43.0,49.0,2e8ef5
45.0,49.0,2f8cf6
47.0,49.0,2f89f4
49.0,49.0,3087f4
51.0,49.0,2f84f2
53.0,49.0,338bff
55.0,49.0,2b7bec
63.0,49.0,fa6c2e
65.0,49.0,fd6c30
67.0,49.0,f6662f
69.0,49.0,f7652f
71.0,49.0,f7622f
73.0,49.0,f7612f
75.0,49.0,f65e2f
77.0,49.0,f65b2f
79.0,49.0,f5592f
81.0,49.0,f5572f
83.0,49.0,f4552f
85.0,49.0,f3512e
87.0,49.0,f3502f
89.0,49.0,f24d2e
91.0,49.0,ff5032
93.0,49.0,ec442b
7.0,51.0,32b2f1
9.0,51.0,39c3ff
11.0,51.0,34b3f5
13.0,51.0,35b0f6
15.0,51.0,34aef6
17.0,51.0,34adf7
19.0,51.0,33a9f6
21.0,51.0,33a7f6
23.0,51.0,33a5f7
25.0,51.0,33a2f7
27.0,51.0,32a0f6
29.0,51.0,319ef7
31.0,51.0,319bf6
33.0,51.0,3199f6
35.0,51.0,3096f6
37.0,51.0,3094f6
39.0,51.0,3091f7
41.0,51.0,2f8ff6
43.0,51.0,2f8df6
45.0,51.0,2f8af5
47.0,51.0,3087f4
49.0,51.0,2f85f3
51.0,51.0,3289fb
53.0,51.0,2d7ef1
61.0,51.0,f86f2d
63.0,51.0,fd7031
65.0,51.0,f7692d
67.0,51.0,f9682f
69.0,51.0,f8652f
71.0,51.0,f7632f
73.0,51.0,f7612f
75.0,51.0,f65f2f
77.0,51.0,f65d2f
79.0,51.0,f55a2f
81.0,51.0,f5582f
83.0,51.0,f4562f
85.0,51.0,f4532e
87.0,51.0,f4502e
89.0,51.0,f24e2e
91.0,51.0,ff5132
93.0,51.0,ec442b
7.0,53.0,32b0f0
9.0,53.0,39c2ff
11.0,53.0,34b1f5
13.0,53.0,34aff6
15.0,53.0,34aef7
17.0,53.0,33abf6
19.0,53.0,33a7f6
21.0,53.0,33a6f6
23.0,53.0,33a3f7
25.0,53.0,32a1f6
27.0,53.0,319ff7
29.0,53.0,319cf6
31.0,53.0,319af6
33.0,53.0,3097f6
35.0,53.0,3095f6
37.0,53.0,3093f6
39.0,53.0,2f8ff6
41.0,53.0,2e8ef5
43.0,53.0,2f8cf6
45.0,53.0,3088f4
47.0,53.0,3086f3
49.0,53.0,3086f6
51.0,53.0,2f85f7
59.0,53.0,f56d29
61.0,53.0,ff7632
63.0,53.0,f76c2e
65.0,53.0,fa6c2f
67.0,53.0,f9692e
69.0,53.0,f9672f
71.0,53.0,f7642f
73.0,53.0,f7622f
75.0,53.0,f7612f
77.0,53.0,f65e2f
79.0,53.0,f65b2f
81.0,53.0,f5592f
83.0,53.0,f5572f
85.0,53.0,f4552e
87.0,53.0,f4522f
89.0,53.0,f24f2e
91.0,53.0,ff5333
7.0,55.0,32b0f0
9.0,55.0,39c0ff
11.0,55.0,34aff5
13.0,55.0,34aef6
15.0,55.0,34acf7
17.0,55.0,33a9f6
19.0,55.0,33a6f6
21.0,55.0,33a5f7
23.0,55.0,33a2f6
25.0,55.0,32a0f6
27.0,55.0,319df7
29.0,55.0,319bf6
31.0,55.0,3098f5
33.0,55.0,3096f6
35.0,55.0,3094f7
37.0,55.0,3091f7
39.0,55.0,2f8ef5
41.0,55.0,2f8df6
43.0,55.0,2f8af5
45.0,55.0,3087f4
47.0,55.0,2f85f3
49.0,55.0,338dff
59.0,55.0,ff7d32
61.0,55.0,f9702d
63.0,55.0,fa6f2f
65.0,55.0,f96d2f
67.0,55.0,fa6a2e
69.0,55.0,f8682f
71.0,55.0,f8662f
73.0,55.0,f7632f
75.0,55.0,f7622f
77.0,55.0,f7602f
79.0,55.0,f65d2f
81.0,55.0,f65a2f
83.0,55.0,f5582f
85.0,55.0,f5562f
87.0,55.0,f3532f
89.0,55.0,f3502e
91.0,55.0,fa5030
7.0,57.0,30adf0
9.0,57.0,39beff
11.0,57.0,33aef5
13.0,57.0,34adf7
15.0,57.0,33aaf6
17.0,57.0,33a7f6
19.0,57.0,33a5f6
21.0,57.0,33a3f6
23.0,57.0,32a1f7
25.0,57.0,319ef7
27.0,57.0,319cf6
29.0,57.0,319af6
31.0,57.0,3097f6
33.0,57.0,3094f6
35.0,57.0,3092f7
37.0,57.0,2f8ff6
39.0,57.0,2e8df5
41.0,57.0,2f8bf6
43.0,57.0,2f88f4
45.0,57.0,2f86f2
47.0,57.0,3289fb
49.0,57.0,2d7eee
57.0,57.0,fb792d
59.0,57.0,fc762f
61.0,57.0,f9722d
63.0,57.0,fa702e
65.0,57.0,f96e2f
67.0,57.0,fa6c2f
69.0,57.0,f96a2e
71.0,57.0,f86730
73.0,57.0,f7652f
75.0,57.0,f7622f
77.0,57.0,f7612f
79.0,57.0,f65f2f
81.0,57.0,f65c2f
83.0,57.0,f5592f
85.0,57.0,f5572f
87.0,57.0,f2542e
89.0,57.0,fb5531
91.0,57.0,ee4c2c
7.0,59.0,30acf1
9.0,59.0,38bcff
11.0,59.0,33adf6
13.0,59.0,34acf7
15.0,59.0,33a8f6
17.0,59.0,33a6f6
19.0,59.0,32a4f6
21.0,59.0,33a1f6
23.0,59.0,329ff6
25.0,59.0,319df6
27.0,59.0,319bf6
29.0,59.0,3098f5
31.0,59.0,3096f6
33.0,59.0,3093f7
35.0,59.0,3091f6
37.0,59.0,2e8ef6
39.0,59.0,2f8cf6
41.0,59.0,2f8af5
43.0,59.0,3087f3
45.0,59.0,2f86f5
47.0,59.0,3188fc
55.0,59.0,f5742a
57.0,59.0,ff8131
59.0,59.0,fa762d
61.0,59.0,fa742e
63.0,59.0,fa712e
65.0,59.0,fa6f2f
67.0,59.0,f96d2f
69.0,59.0,fa6b2e
71.0,59.0,f9682f
73.0,59.0,f8662f
75.0,59.0,f7632f
77.0,59.0,f7612f
79.0,59.0,f6602f
81.0,59.0,f65d2f
83.0,59.0,f65a2f
85.0,59.0,f5582f
87.0,59.0,f4552e
89.0,59.0,ff5932
7.0,61.0,2faaee
9.0,61.0,39beff
11.0,61.0,33acf5
13.0,61.0,33aaf7
15.0,61.0,33a7f6
17.0,61.0,33a5f6
19.0,61.0,33a3f6
21.0,61.0,32a0f6
23.0,61.0,319ef7
25.0,61.0,319bf6
27.0,61.0,3199f6
29.0,61.0,3097f6
31.0,61.0,3094f6
33.0,61.0,3092f7
35.0,61.0,2f8ff6
37.0,61.0,2e8df5
39.0,61.0,2f8bf6
41.0,61.0,3088f4
43.0,61.0,2f85f3
45.0,61.0,338fff
47.0,61.0,2878e6
55.0,61.0,ff812f
57.0,61.0,fc7a2e
59.0,61.0,fc782e
61.0,61.0,fb752e
63.0,61.0,fa722e
65.0,61.0,fa712e
67.0,61.0,f96e2f
69.0,61.0,fa6c2f
71.0,61.0,f96a2e
73.0,61.0,f8672f
75.0,61.0,f7652f
77.0,61.0,f7632f
79.0,61.0,f7612f
81.0,61.0,f65f2f
83.0,61.0,f65c2f
85.0,61.0,f4592f
87.0,61.0,ff5f33
89.0,61.0,eb4f29
9.0,63.0,32aef6
11.0,63.0,35b1fc
13.0,63.0,32a7f4
15.0,63.0,33a6f6
17.0,63.0,32a4f6
19.0,63.0,33a1f6
21.0,63.0,319ff7
23.0,63.0,319cf7
25.0,63.0,319af6
27.0,63.0,3198f6
29.0,63.0,3095f6
31.0,63.0,3093f7
33.0,63.0,2f90f7
35.0,63.0,2f8ef5
37.0,63.0,2f8cf6
39.0,63.0,2f8af5
41.0,63.0,2f86f2
43.0,63.0,338eff
45.0,63.0,2b7eed
53.0,63.0,f97c2b
55.0,63.0,ff8330
57.0,63.0,fa7a2e
59.0,63.0,fc792e
61.0,63.0,fb772e
63.0,63.0,fa742e
65.0,63.0,fa722e
67.0,63.0,fa702f
69.0,63.0,f96d2f
71.0,63.0,f96b2e
73.0,63.0,f8682f
75.0,63.0,f8662f
77.0,63.0,f7642f
79.0,63.0,f7622f
81.0,63.0,f5602e
83.0,63.0,f65e2f
85.0,63.0,ff6333
87.0,63.0,ef542c
11.0,65.0,33adf8
13.0,65.0,35adfd
15.0,65.0,31a4f5
17.0,65.0,33a3f6
19.0,65.0,32a0f6
21.0,65.0,319ef7
23.0,65.0,319bf6
25.0,65.0,3199f6
27.0,65.0,3097f6
29.0,65.0,3094f6
31.0,65.0,3092f7
33.0,65.0,2f8ff6
35.0,65.0,2f8df5
37.0,65.0,2f8bf5
39.0,65.0,2f87f2
41.0,65.0,338fff
43.0,65.0,2c82f1
53.0,65.0,ff8a31
55.0,65.0,fc7d2d
57.0,65.0,fc7d2e
59.0,65.0,fc7a2e
61.0,65.0,fc782e
63.0,65.0,fb762e
65.0,65.0,fa732e
67.0,65.0,fa702e
69.0,65.0,f96e2f
71.0,65.0,fa6c2f
73.0,65.0,f96a2e
75.0,65.0,f86830
77.0,65.0,f6642f
79.0,65.0,f6622f
81.0,65.0,ff6732
83.0,65.0,f75f2e
13.0,67.0,31a7f7
15.0,67.0,36aeff
17.0,67.0,32a0f5
19.0,67.0,319ff5
21.0,67.0,319df6
23.0,67.0,319af6
25.0,67.0,3098f6
27.0,67.0,3095f6
29.0,67.0,3093f7
31.0,67.0,2f90f6
33.0,67.0,2e8ef5
35.0,67.0,2f8bf4
37.0,67.0,2e89f4
39.0,67.0,3491ff
41.0,67.0,2c83f2
51.0,67.0,fd882f
53.0,67.0,fc832e
55.0,67.0,fd7f2e
57.0,67.0,fc7d2e
59.0,67.0,fc7b2e
61.0,67.0,fc792f
63.0,67.0,fb772e
65.0,67.0,fa742e
67.0,67.0,fa712e
69.0,67.0,fa702f
71.0,67.0,f96d2f
73.0,67.0,f96a2e
75.0,67.0,f8682d
77.0,67.0,ff6b31
79.0,67.0,ff6931
81.0,67.0,f55f2c
15.0,69.0,2fa0f4
17.0,69.0,35abff
19.0,69.0,33a3fe
21.0,69.0,319af5
23.0,69.0,3099f5
25.0,69.0,2f95f5
27.0,69.0,2f94f6
29.0,69.0,2f91f6
31.0,69.0,2e8ff5
33.0,69.0,2e8cf4
35.0,69.0,3190fe
37.0,69.0,3290ff
39.0,69.0,2c82ef
49.0,69.0,fb892d
51.0,69.0,ff8930
53.0,69.0,fd832d
55.0,69.0,fd812e
57.0,69.0,fd7f2e
59.0,69.0,fc7d2e
61.0,69.0,fc7a2e
63.0,69.0,fc782e
65.0,69.0,fb762e
67.0,69.0,fa732e
69.0,69.0,fa712e
71.0,69.0,f86d2e
73.0,69.0,fe6e30
75.0,69.0,ff7131
77.0,69.0,f6662c
19.0,71.0,2f9df6
21.0,71.0,33a1ff
23.0,71.0,34a2ff
25.0,71.0,339dff
27.0,71.0,329aff
29.0,71.0,3298ff
31.0,71.0,3197ff
33.0,71.0,3192ff
35.0,71.0,2c88f5
47.0,71.0,fa8b2d
49.0,71.0,ff9030
51.0,71.0,fd862e
53.0,71.0,fe842e
55.0,71.0,fd822e
57.0,71.0,fd802e
59.0,71.0,fd7e2e
61.0,71.0,fc7c2e
63.0,71.0,fc792e
65.0,71.0,fb782e
67.0,71.0,f9742e
69.0,71.0,fa722e
71.0,71.0,ff7832
73.0,71.0,f86d2d
23.0,73.0,2b92f1
25.0,73.0,2e91f2
27.0,73.0,2d8ff2
29.0,73.0,2d8cf4
31.0,73.0,2a89f2
45.0,73.0,fa8f2e
47.0,73.0,ff9432
49.0,73.0,ff892d
51.0,73.0,ff892e
53.0,73.0,fe862e
55.0,73.0,fd842e
57.0,73.0,fd822e
59.0,73.0,fd7f2e
61.0,73.0,fc7d2e
63.0,73.0,fb792e
65.0,73.0,fb782e
67.0,73.0,ff7d31
69.0,73.0,f9742d
71.0,73.0,f56d2b
7.0,75.0,f4b439
9.0,75.0,f6b93c
43.0,75.0,fa9430
45.0,75.0,ff9732
47.0,75.0,ff8d2f
49.0,75.0,ff8c2e
51.0,75.0,ff8a2e
53.0,75.0,ff882e
55.0,75.0,fe852e
57.0,75.0,fd832e
59.0,75.0,fc7f2e
61.0,75.0,fc7c2d
63.0,75.0,ff8030
65.0,75.0,ff8031
67.0,75.0,f6762b
7.0,77.0,f8b83a
9.0,77.0,ffd649
11.0,77.0,fab83d
39.0,77.0,f79630
41.0,77.0,ff9d34
43.0,77.0,ff9733
45.0,77.0,ff9130
47.0,77.0,ff9030
49.0,77.0,ff8d30
51.0,77.0,ff8b2e
53.0,77.0,ff892e
55.0,77.0,ff862e
57.0,77.0,fc822d
59.0,77.0,ff832f
61.0,77.0,ff8831
63.0,77.0,f97d2c
7.0,79.0,f8b93b
9.0,79.0,ffc944
11.0,79.0,ffbf42
13.0,79.0,ffc241
15.0,79.0,fab53c
35.0,79.0,f79c32
37.0,79.0,fb9c33
39.0,79.0,ffa438
41.0,79.0,ff9833
43.0,79.0,ff9432
45.0,79.0,ff9331
47.0,79.0,ff9130
49.0,79.0,ff8f30
51.0,79.0,ff8c2f
53.0,79.0,fd892d
55.0,79.0,ff872e
57.0,79.0,ff8e32
59.0,79.0,fa832d
9.0,81.0,ffcc45
11.0,81.0,fdbb3f
13.0,81.0,ffb83f
15.0,81.0,ffbe41
17.0,81.0,ffc141
19.0,81.0,ffb53c
21.0,81.0,fbae39
23.0,81.0,faab38
25.0,81.0,f9a937
27.0,81.0,fba636
29.0,81.0,fba437
31.0,81.0,fba335
33.0,81.0,ffaa39
35.0,81.0,ffaa3a
37.0,81.0,ff9f35
39.0,81.0,fd9a34
41.0,81.0,ff9934
43.0,81.0,ff9733
45.0,81.0,ff9432
47.0,81.0,ff9231
49.0,81.0,fd8f30
51.0,81.0,ff8c2f
53.0,81.0,ff9230
55.0,81.0,ff8c2e
57.0,81.0,f7832a
9.0,83.0,ffcb45
11.0,83.0,fdbc3f
13.0,83.0,ffbb40
15.0,83.0,fdb83e
17.0,83.0,fdb53d
19.0,83.0,ffb33d
21.0,83.0,ffb63d
23.0,83.0,ffb73e
25.0,83.0,ffb63e
27.0,83.0,ffb33c
29.0,83.0,ffaf3b
31.0,83.0,ffa839
33.0,83.0,ffa336
35.0,83.0,fda036
37.0,83.0,ff9f35
39.0,83.0,ff9c34
41.0,83.0,ff9a34
43.0,83.0,ff9833
45.0,83.0,ff9532
47.0,83.0,ff9331
49.0,83.0,ff9632
51.0,83.0,ff9733
53.0,83.0,f98b2d
9.0,85.0,fcbf40
11.0,85.0,ffc041
13.0,85.0,ffbb40
15.0,85.0,ffba40
17.0,85.0,feb73e
19.0,85.0,ffb43d
21.0,85.0,fdb13c
23.0,85.0,fdaf3b
25.0,85.0,ffae3a
27.0,85.0,ffac39
29.0,85.0,ffa938
31.0,85.0,ffa638
33.0,85.0,ffa537
35.0,85.0,ffa236
37.0,85.0,ffa036
39.0,85.0,ff9e35
41.0,85.0,fe9b35
43.0,85.0,ff9833
45.0,85.0,ff9833
47.0,85.0,ff9f36
49.0,85.0,fa922f
9.0,87.0,f7bb3d
11.0,87.0,ffce46
13.0,87.0,ffbb3e
15.0,87.0,ffbb40
17.0,87.0,ffb93f
19.0,87.0,feb63e
21.0,87.0,ffb33d
23.0,87.0,ffb23b
25.0,87.0,ffaf3b
27.0,87.0,ffad3b
29.0,87.0,ffab39
31.0,87.0,ffa838
33.0,87.0,ffa638
35.0,87.0,ffa436
37.0,87.0,ffa137
39.0,87.0,ff9e35
41.0,87.0,ff9d34
43.0,87.0,ffa438
45.0,87.0,fc9a33
11.0,89.0,fbc141
13.0,89.0,ffc342
15.0,89.0,ffbb3f
17.0,89.0,ffba40
19.0,89.0,ffb73e
21.0,89.0,ffb53d
23.0,89.0,ffb33c
25.0,89.0,ffb03b
27.0,89.0,ffae3b
29.0,89.0,ffac3a
31.0,89.0,ffaa39
33.0,89.0,ffa838
35.0,89.0,ffa437
37.0,89.0,ffa135
39.0,89.0,ffa839
41.0,89.0,ffa336
43.0,89.0,f79931
13.0,91.0,fec643
15.0,91.0,ffc242
17.0,91.0,ffb940
19.0,91.0,ffb83f
21.0,91.0,feb63e
23.0,91.0,ffb43d
25.0,91.0,ffb23b
27.0,91.0,ffaf3b
29.0,91.0,fead3b
31.0,91.0,ffaa39
33.0,91.0,ffa837
35.0,91.0,ffaa3a
37.0,91.0,ffaf3a
39.0,91.0,f9a233
15.0,93.0,fbc240
17.0,93.0,ffca45
19.0,93.0,ffbc41
21.0,93.0,ffb83d
23.0,93.0,fdb43c
25.0,93.0,ffb23b
27.0,93.0,ffb03b
29.0,93.0,ffad3b
31.0,93.0,ffb03b
33.0,93.0,ffb63d
35.0,93.0,fba937
17.0,95.0,f6bc3c
19.0,95.0,fbbd3f
21.0,95.0,ffc443
23.0,95.0,ffc543
25.0,95.0,ffc142
27.0,95.0,ffc040
29.0,95.0,ffb93e
31.0,95.0,fbae3a
